fullname,email,rollno
Rahul Bastola,rahulbastola2006@gmail.com,44
Rojan Chapagain ,rojanchapagain146@gmail.com,48
Asmin Acharya,asminacharya07@gmail.com,9
Suvam Bista,shubhambista07@gmail.com,63
Pranjal khanal,khanalpranjal16@gmail.com,43
Noel Pradhan ,noelpradhan149@gmail.com,35
Dipesh Timsina,dipeshtimsina3@gmail.com,19
Saurav Mishra,mishrasaurav2080@gmail.com,58
Aaditya Rajbanshi,aadityarajbanshi007@gmail.com,1
Nirdesh Chauhan,char47138@gmail.com,31
Bishop Poudel ,bishoppoudel@gmail.com,16
Madhav Bhattarai,madhavbhattarai21247@gmail.com,26
Manish Ghimire,ghimiremanish370@gmail.com,27
Sulabh Dahal ,sulabhdahal456@gmail.com,61
Roshan Newar,roshanstha401@gmail.com,49
Nimisha Rimal,rimalnimisha@gmail.com,30
Gayatra Baskota,unishabaskota123@gmail.com,21
Ankita Baral ,ankitabaral987@gmail.com,5
Sarika Khatiwada,sarikakhatiwada0@gmail.com,55
Arjun Dhungel ,arjundhungel42@gmail.com,7
Av Rajbanshi,avrajbanshi60@gmail.com,10
Anu Rajbanshi ,anurajbanshi8@gmail.com,6
Dipswari Acharya,dipshworiacharya567@gmail.com,20
SONY SARU,solomonmagar700@gmail.com,59
Samarpan rai,xylxys123@gmail.com,53
Urmila Acharya,ashikaacharya34@gmail.com,65
Devendra Raj Gautam,rjack8721@gmail.com,18
Karuna Kumari Rajbanshi ,karunarajbanshi993@gmail.com,25
Rohan Shah,sharohan322@gmail.com,69
Pranisha shrestha ,pranishashrestha9344@gmail.com,42
Pragyan Gautam ,pragyangautam61@gmail.com,38
Tekendra Rai,rai032223@gmail.com,64
Kabin Bhetwal,kabin567890@gmail.com,70
Aviyan Budhathoki ,aviyanbudhathoki31@gmail.com,12
Prakhyati Budhathoki,rosebudathoki61@gmail.com,40
Prajit Bhattarai ,prajitbhattarai8@gmail.com,39
Raymon Chapagai ,raymonchapagain8@gmail.com,46
Sagona Gautam ,sagonagautam@gmail.com,51
BINAYAK KATTEL,kattelbinayak01@gmail.com,15
Kailash prasai,chicago700000@gmail.com,23
Karan rajbanshi ,karan610306@gmail.com,24
Avinash shah,avinashshah10.bs@gmail.com,11
Aashish Hasda ,cemmin.np2000@gmail.com,2
Ashim Lamsal,ashimlamsal9816@gmail.com,8
Sanju Shah ,shahsanju682@gmail.com,54
Nemika Thapa,thapanemika@gmail.com,29
Yuddha Bikram Sapkota ,jenishyuddha21@gmail.com,66
Saujan Khanal ,saujankhnl@gmail.com,57
SADHANA DAHAL,rdsadhana30@gmail.com,50
Basanta Adhikari ,baassantaa@gmail.com,13
Rikesh Giri,reekeshgiree94@gmail.com,47
Raju Neupane khatri ,rajuneupane2062@gmail.com,45
Susmita Bista ,bistasusmita317@gmail.com,62
Prakriti paudel ,nneww8186@gmail.com,41
Oseen Niroula,oseenniroula01@gmail.com,36
Anish Shrestha ,edrickrishav@gmail.com,4
Deepika Acharya,asthaacharya96@gmail.com,17
Nirjala Gahatraj ,nirjalagahatraj27@gmail.com,32
BIMAL GHORSAI,respecta040@gmail.com,14
Nishma Khatiwada ,snishmakhatiwada111@gmail.com,34
Sarika Rai,raisarika029@gmail.com,56
Sajina Banjara,banjarasajina57@gmail.com,52
Alisha Dawadi ,alishadawadi7@gmail.com,3
Aditya Dhungana,adityadhungana1234567845945@gmail.com,68
Neharika Neupane,grnneupane@gmail.com,28
Joshna Khadka,khadkajoshna2@gmail.com,22
Nishal Niraula,nischalniraula21@gmail.com,33
